{"data":{"site":{"siteMetadata":{"title":"Nav Technology Pvt Ltd, Sony Service Center","description":"\n      Nav Technology is Sony authorized service center in Bagmari, Kankurgachi, North Kolkata which provides specialized repairs and services for Sony products.\n    ","url":"https://navtechnology.in","image":"https://www.navtechnology.in/11.jpg","author":{"name":"Sushant Agrawal"},"organization":{"name":"Nav technology Pvt Ltd","url":"https://www.navtechnology.in","logo":"https://www.navtechnology.in/logo.png"},"social":{"twitter":"@nav_technology","fbAppID":"https://www.facebook.com/Nav-Technology-Pvt-Ltd-2856558957704521"}}}}}