{"polyfill":["/polyfill-64a2a5ba1fc84f7adec6.js"],"app":["/app-80c3fbefc1fb3a7cb62a.js"],"component---src-pages-404-js":["/component---src-pages-404-js-004c60db6c84d933aef4.js"],"component---src-pages-about-us-tsx":["/component---src-pages-about-us-tsx-6206dc7dc9cfd2e7d490.js"],"component---src-pages-casio-service-tsx":["/component---src-pages-casio-service-tsx-4f3fb5ca68a896d111e0.js"],"component---src-pages-contacts-tsx":["/component---src-pages-contacts-tsx-273857ed089380f7a981.js"],"component---src-pages-index-tsx":["/component---src-pages-index-tsx-faa6635bb7a27bc2026e.js"],"component---src-pages-service-tsx":["/component---src-pages-service-tsx-c6137219820f016e7938.js"],"component---src-pages-shop-tsx":["/component---src-pages-shop-tsx-56197a69c86bb95686cb.js"],"component---src-pages-showcase-tsx":["/component---src-pages-showcase-tsx-5e419746440ef187fa01.js"],"component---src-pages-workshop-tsx":["/component---src-pages-workshop-tsx-791702a558fd968ca1bc.js"]}