{"errors":[],"warnings":[],"namedChunkGroups":{"app":{"chunks":[8,0,3],"assets":["webpack-runtime-e653e3cb290eac7a392c.js","webpack-runtime-e653e3cb290eac7a392c.js.map","styles.4e53e83ab4d04e614688.css","styles-42df7e58aa4ffe92ffb5.js","styles-42df7e58aa4ffe92ffb5.js.map","app-47c25269554333326944.js","app-47c25269554333326944.js.map"],"children":{},"childAssets":{}},"component---src-pages-about-js":{"chunks":[0,1,4],"assets":["styles.4e53e83ab4d04e614688.css","styles-42df7e58aa4ffe92ffb5.js","styles-42df7e58aa4ffe92ffb5.js.map","1-2d3ef0d6b7d5eebeae21.js","1-2d3ef0d6b7d5eebeae21.js.map","component---src-pages-about-js-60de9f8c70421eb956d3.js","component---src-pages-about-js-60de9f8c70421eb956d3.js.map"],"children":{},"childAssets":{}},"component---src-pages-contacts-js":{"chunks":[0,1,9,2,5],"assets":["styles.4e53e83ab4d04e614688.css","styles-42df7e58aa4ffe92ffb5.js","styles-42df7e58aa4ffe92ffb5.js.map","1-2d3ef0d6b7d5eebeae21.js","1-2d3ef0d6b7d5eebeae21.js.map","9-493b28d3d73365360283.js","9-493b28d3d73365360283.js.map","2-78a373c0db9bafbeb332.js","2-78a373c0db9bafbeb332.js.map","component---src-pages-contacts-js-e631d9c8db94b359e5db.js","component---src-pages-contacts-js-e631d9c8db94b359e5db.js.map"],"children":{},"childAssets":{}},"component---src-pages-gallery-js":{"chunks":[0,1,2,6],"assets":["styles.4e53e83ab4d04e614688.css","styles-42df7e58aa4ffe92ffb5.js","styles-42df7e58aa4ffe92ffb5.js.map","1-2d3ef0d6b7d5eebeae21.js","1-2d3ef0d6b7d5eebeae21.js.map","2-78a373c0db9bafbeb332.js","2-78a373c0db9bafbeb332.js.map","component---src-pages-gallery-js-e7164b12faf6d7f518a5.js","component---src-pages-gallery-js-e7164b12faf6d7f518a5.js.map"],"children":{},"childAssets":{}},"component---src-pages-index-js":{"chunks":[0,1,2,7],"assets":["styles.4e53e83ab4d04e614688.css","styles-42df7e58aa4ffe92ffb5.js","styles-42df7e58aa4ffe92ffb5.js.map","1-2d3ef0d6b7d5eebeae21.js","1-2d3ef0d6b7d5eebeae21.js.map","2-78a373c0db9bafbeb332.js","2-78a373c0db9bafbeb332.js.map","component---src-pages-index-js-534569ce357090778e90.js","component---src-pages-index-js-534569ce357090778e90.js.map"],"children":{},"childAssets":{}}},"assetsByChunkName":{"app":["webpack-runtime-e653e3cb290eac7a392c.js","styles.4e53e83ab4d04e614688.css","styles-42df7e58aa4ffe92ffb5.js","app-47c25269554333326944.js"],"component---src-pages-about-js":["styles.4e53e83ab4d04e614688.css","styles-42df7e58aa4ffe92ffb5.js","1-2d3ef0d6b7d5eebeae21.js","component---src-pages-about-js-60de9f8c70421eb956d3.js"],"component---src-pages-contacts-js":["styles.4e53e83ab4d04e614688.css","styles-42df7e58aa4ffe92ffb5.js","1-2d3ef0d6b7d5eebeae21.js","9-493b28d3d73365360283.js","2-78a373c0db9bafbeb332.js","component---src-pages-contacts-js-e631d9c8db94b359e5db.js"],"component---src-pages-gallery-js":["styles.4e53e83ab4d04e614688.css","styles-42df7e58aa4ffe92ffb5.js","1-2d3ef0d6b7d5eebeae21.js","2-78a373c0db9bafbeb332.js","component---src-pages-gallery-js-e7164b12faf6d7f518a5.js"],"component---src-pages-index-js":["styles.4e53e83ab4d04e614688.css","styles-42df7e58aa4ffe92ffb5.js","1-2d3ef0d6b7d5eebeae21.js","2-78a373c0db9bafbeb332.js","component---src-pages-index-js-534569ce357090778e90.js"]}}