{"errors":[],"warnings":[],"namedChunkGroups":{"polyfill":{"chunks":[3,16],"assets":["webpack-runtime-2776d3d90539646f97ee.js","webpack-runtime-2776d3d90539646f97ee.js.map","polyfill-64a2a5ba1fc84f7adec6.js","polyfill-64a2a5ba1fc84f7adec6.js.map"],"children":{},"childAssets":{}},"app":{"chunks":[3,0,15,4],"assets":["webpack-runtime-2776d3d90539646f97ee.js","webpack-runtime-2776d3d90539646f97ee.js.map","styles.43f109fe6abe2c8b6d68.css","styles-407fe62976dc5310c43e.js","styles-407fe62976dc5310c43e.js.map","framework-fc1db31f678bd7aa66d8.js","framework-fc1db31f678bd7aa66d8.js.map","app-80c3fbefc1fb3a7cb62a.js","app-80c3fbefc1fb3a7cb62a.js.map"],"children":{},"childAssets":{}},"component---src-pages-404-js":{"chunks":[0,1,6],"assets":["styles.43f109fe6abe2c8b6d68.css","styles-407fe62976dc5310c43e.js","styles-407fe62976dc5310c43e.js.map","commons-67bfb64accbd1706fb0e.js","commons-67bfb64accbd1706fb0e.js.map","component---src-pages-404-js-004c60db6c84d933aef4.js","component---src-pages-404-js-004c60db6c84d933aef4.js.map"],"children":{},"childAssets":{}},"component---src-pages-about-us-tsx":{"chunks":[0,1,7],"assets":["styles.43f109fe6abe2c8b6d68.css","styles-407fe62976dc5310c43e.js","styles-407fe62976dc5310c43e.js.map","commons-67bfb64accbd1706fb0e.js","commons-67bfb64accbd1706fb0e.js.map","component---src-pages-about-us-tsx-6206dc7dc9cfd2e7d490.js","component---src-pages-about-us-tsx-6206dc7dc9cfd2e7d490.js.map"],"children":{},"childAssets":{}},"component---src-pages-casio-service-tsx":{"chunks":[0,1,2,8],"assets":["styles.43f109fe6abe2c8b6d68.css","styles-407fe62976dc5310c43e.js","styles-407fe62976dc5310c43e.js.map","commons-67bfb64accbd1706fb0e.js","commons-67bfb64accbd1706fb0e.js.map","ee91ef565b527b710755646b07600e137b8d82d7-30d121ae6444594e4c15.js","ee91ef565b527b710755646b07600e137b8d82d7-30d121ae6444594e4c15.js.map","component---src-pages-casio-service-tsx-4f3fb5ca68a896d111e0.js","component---src-pages-casio-service-tsx-4f3fb5ca68a896d111e0.js.map"],"children":{},"childAssets":{}},"component---src-pages-contacts-tsx":{"chunks":[0,1,2,9],"assets":["styles.43f109fe6abe2c8b6d68.css","styles-407fe62976dc5310c43e.js","styles-407fe62976dc5310c43e.js.map","commons-67bfb64accbd1706fb0e.js","commons-67bfb64accbd1706fb0e.js.map","ee91ef565b527b710755646b07600e137b8d82d7-30d121ae6444594e4c15.js","ee91ef565b527b710755646b07600e137b8d82d7-30d121ae6444594e4c15.js.map","component---src-pages-contacts-tsx-273857ed089380f7a981.js","component---src-pages-contacts-tsx-273857ed089380f7a981.js.map"],"children":{},"childAssets":{}},"component---src-pages-index-tsx":{"chunks":[0,5,1,10],"assets":["styles.43f109fe6abe2c8b6d68.css","styles-407fe62976dc5310c43e.js","styles-407fe62976dc5310c43e.js.map","cb1608f2-37a730d6629902d50ff1.js","cb1608f2-37a730d6629902d50ff1.js.map","commons-67bfb64accbd1706fb0e.js","commons-67bfb64accbd1706fb0e.js.map","component---src-pages-index-tsx-faa6635bb7a27bc2026e.js","component---src-pages-index-tsx-faa6635bb7a27bc2026e.js.map"],"children":{},"childAssets":{}},"component---src-pages-service-tsx":{"chunks":[0,1,11],"assets":["styles.43f109fe6abe2c8b6d68.css","styles-407fe62976dc5310c43e.js","styles-407fe62976dc5310c43e.js.map","commons-67bfb64accbd1706fb0e.js","commons-67bfb64accbd1706fb0e.js.map","component---src-pages-service-tsx-c6137219820f016e7938.js","component---src-pages-service-tsx-c6137219820f016e7938.js.map"],"children":{},"childAssets":{}},"component---src-pages-shop-tsx":{"chunks":[0,1,12],"assets":["styles.43f109fe6abe2c8b6d68.css","styles-407fe62976dc5310c43e.js","styles-407fe62976dc5310c43e.js.map","commons-67bfb64accbd1706fb0e.js","commons-67bfb64accbd1706fb0e.js.map","component---src-pages-shop-tsx-56197a69c86bb95686cb.js","component---src-pages-shop-tsx-56197a69c86bb95686cb.js.map"],"children":{},"childAssets":{}},"component---src-pages-showcase-tsx":{"chunks":[0,1,13],"assets":["styles.43f109fe6abe2c8b6d68.css","styles-407fe62976dc5310c43e.js","styles-407fe62976dc5310c43e.js.map","commons-67bfb64accbd1706fb0e.js","commons-67bfb64accbd1706fb0e.js.map","component---src-pages-showcase-tsx-5e419746440ef187fa01.js","component---src-pages-showcase-tsx-5e419746440ef187fa01.js.map"],"children":{},"childAssets":{}},"component---src-pages-workshop-tsx":{"chunks":[0,1,14],"assets":["styles.43f109fe6abe2c8b6d68.css","styles-407fe62976dc5310c43e.js","styles-407fe62976dc5310c43e.js.map","commons-67bfb64accbd1706fb0e.js","commons-67bfb64accbd1706fb0e.js.map","component---src-pages-workshop-tsx-791702a558fd968ca1bc.js","component---src-pages-workshop-tsx-791702a558fd968ca1bc.js.map"],"children":{},"childAssets":{}}},"assetsByChunkName":{"polyfill":["webpack-runtime-2776d3d90539646f97ee.js","polyfill-64a2a5ba1fc84f7adec6.js"],"app":["webpack-runtime-2776d3d90539646f97ee.js","styles.43f109fe6abe2c8b6d68.css","styles-407fe62976dc5310c43e.js","framework-fc1db31f678bd7aa66d8.js","app-80c3fbefc1fb3a7cb62a.js"],"component---src-pages-404-js":["styles.43f109fe6abe2c8b6d68.css","styles-407fe62976dc5310c43e.js","commons-67bfb64accbd1706fb0e.js","component---src-pages-404-js-004c60db6c84d933aef4.js"],"component---src-pages-about-us-tsx":["styles.43f109fe6abe2c8b6d68.css","styles-407fe62976dc5310c43e.js","commons-67bfb64accbd1706fb0e.js","component---src-pages-about-us-tsx-6206dc7dc9cfd2e7d490.js"],"component---src-pages-casio-service-tsx":["styles.43f109fe6abe2c8b6d68.css","styles-407fe62976dc5310c43e.js","commons-67bfb64accbd1706fb0e.js","ee91ef565b527b710755646b07600e137b8d82d7-30d121ae6444594e4c15.js","component---src-pages-casio-service-tsx-4f3fb5ca68a896d111e0.js"],"component---src-pages-contacts-tsx":["styles.43f109fe6abe2c8b6d68.css","styles-407fe62976dc5310c43e.js","commons-67bfb64accbd1706fb0e.js","ee91ef565b527b710755646b07600e137b8d82d7-30d121ae6444594e4c15.js","component---src-pages-contacts-tsx-273857ed089380f7a981.js"],"component---src-pages-index-tsx":["styles.43f109fe6abe2c8b6d68.css","styles-407fe62976dc5310c43e.js","cb1608f2-37a730d6629902d50ff1.js","commons-67bfb64accbd1706fb0e.js","component---src-pages-index-tsx-faa6635bb7a27bc2026e.js"],"component---src-pages-service-tsx":["styles.43f109fe6abe2c8b6d68.css","styles-407fe62976dc5310c43e.js","commons-67bfb64accbd1706fb0e.js","component---src-pages-service-tsx-c6137219820f016e7938.js"],"component---src-pages-shop-tsx":["styles.43f109fe6abe2c8b6d68.css","styles-407fe62976dc5310c43e.js","commons-67bfb64accbd1706fb0e.js","component---src-pages-shop-tsx-56197a69c86bb95686cb.js"],"component---src-pages-showcase-tsx":["styles.43f109fe6abe2c8b6d68.css","styles-407fe62976dc5310c43e.js","commons-67bfb64accbd1706fb0e.js","component---src-pages-showcase-tsx-5e419746440ef187fa01.js"],"component---src-pages-workshop-tsx":["styles.43f109fe6abe2c8b6d68.css","styles-407fe62976dc5310c43e.js","commons-67bfb64accbd1706fb0e.js","component---src-pages-workshop-tsx-791702a558fd968ca1bc.js"]}}