{"data":{"site":{"siteMetadata":{"title":"Capital Chowringhee Pvt Ltd, leading retailers of electronic goods","description":"\n    We deal with SLR and mirrorless cameras, cellular/mobile phones, power bank, Led TV, laptops, audio products, laptops, domestic items.\n    ","url":"https://www.capital-chowringhee.com","image":"https://www.capital-chowringhee.com/capital-board.jpg","author":{"name":"Sushant Agrawal"},"organization":{"name":"Capital Chowringhee Pvt Ltd","url":"https://www.capital-chowringhee.com","logo":"https://www.capital-chowringhee.com/logo.png"},"social":{"twitter":"@PvtCapital","fbAppID":"https://www.facebook.com/CapitalChowringheePvtLtd"}}}}}